Model,Average Prediction Time
Logistic Regression,1.5602350234985352e-05
SVC,0.0074387874603271485
CatBoost,0.0001489853858947754
Dense NN,0.0001144266128540039
CNN 3 Layers,0.00016191530227661132
CNN 5 Layers,0.00018973922729492186
CNN 5 Layers Regularized,0.00018330740928649902
