,accuracy,precision,recall,f1_score,execution_time
Logistic Regression,0.9202857142857143,0.9200484384410119,0.9202857142857143,0.9201084472942351,84.3429753780365
SVC,0.9764285714285714,0.9764205434434183,0.9764285714285714,0.97640708117749,256.112429857254
CatBoost,0.9715,0.9714896681013125,0.9715,0.9714875391799156,473.1555721759796
Dense NN,0.9786428571428571,0.978672379978152,0.9786428571428571,0.9786419650774338,39.70726990699768
CNN 3 Layers,0.9873571428571428,0.9873946124733707,0.9873571428571428,0.9873571881356458,45.554107427597046
CNN 5 Layers,0.9897857142857143,0.9898582909140463,0.9897857142857143,0.989789218882183,110.49813675880432
CNN 5 Layers Regularized,0.9922142857142857,0.9922353577249888,0.9922142857142857,0.9922143229684226,112.6259036064148
