,accuracy,precision,recall,f1_score,execution_time
Logistic Regression,0.9202857142857143,0.9200484384410119,0.9202857142857143,0.9201084472942351,84.23456835746765
SVC,0.9764285714285714,0.9764205434434183,0.9764285714285714,0.97640708117749,256.54930114746094
CatBoost,0.9715,0.9714896681013125,0.9715,0.9714875391799156,481.53340888023376
Dense NN,0.9768571428571429,0.9768894905182375,0.9768571428571429,0.9768355398733705,37.99333095550537
CNN 3 Layers,0.9883571428571428,0.9883856552684027,0.9883571428571428,0.98836047046606,46.76358246803284
CNN 5 Layers,0.9904285714285714,0.9905140463298362,0.9904285714285714,0.9904347613895744,113.09011960029602
CNN 5 Layers Regularized,0.9926428571428572,0.992661542855512,0.9926428571428572,0.9926430410415118,114.58614325523376
